-- Inserindo pizzas no produtos
INSERT INTO produto (id, nome, descricao, valor, tipo, url_imagem) VALUES ('d35b56d9-e3c8-48cc-a9e0-e95159c5d1e1', 'Pizza Portuguesa', 'Molho de tomate, muçarela, presunto, ovo, azeitona, cebola', 60.00, 'PIZZA', 'https://cache.dominos.com/olo/6.119.3/assets/build/market/BR/_pt/images/img/products/larges/S_PIZPT.jpg');
INSERT INTO produto (id, nome, descricao, valor, tipo, url_imagem) VALUES ('69a1100e-2ee9-4a74-9a77-6be8ac7abbc5', 'Pizza Bacon', 'Molho de tomate, muçarela, bacon, milho, azeitona', 60.00, 'PIZZA', 'https://cache.dominos.com/olo/6.119.3/assets/build/market/BR/_pt/images/img/products/larges/S_PIZMX.jpg');
INSERT INTO produto (id, nome, descricao, valor, tipo, url_imagem) VALUES ('a501ca46-0101-4c04-b3db-197a95be1541', 'Pizza Margherita Extra', 'Molho de tomate, muçarela de búfala, manjericão fresco', 60.00, 'PIZZA', 'https://cache.dominos.com/olo/6.119.3/assets/build/market/BR/_pt/images/img/products/larges/S_PIZMG.jpg');
INSERT INTO produto (id, nome, descricao, valor, tipo, url_imagem) VALUES ('b2b6e1bb-e5eb-43ac-b742-295221e758c9', 'Pizza Quatro Queijos', 'Molho de tomate, muçarela, provolone, gorgonzola, parmesão', 60.00, 'PIZZA', 'https://cache.dominos.com/olo/6.119.3/assets/build/market/BR/_pt/images/img/products/larges/S_PIZMUS.jpg');
INSERT INTO produto (id, nome, descricao, valor, tipo, url_imagem) VALUES ('c2b6e1bb-e5eb-43ac-b742-295221e758c9', 'Pizza Calabresa', 'Molho de tomate, muçarela, calabresa, cebola, azeitona', 60.00, 'PIZZA', 'https://cache.dominos.com/olo/6.119.3/assets/build/market/BR/_pt/images/img/products/larges/S_PIZECAL.jpg');
INSERT INTO produto (id, nome, descricao, valor, tipo, url_imagem) VALUES ('d2b6e1bb-e5eb-43ac-b742-295221e758c9', 'Pizza Frango com Catupiry', 'Molho de tomate, muçarela, frango desfiado, catupiry, azeitona', 60.00, 'PIZZA', 'https://cache.dominos.com/olo/6.119.3/assets/build/market/BR/_pt/images/img/products/larges/S_PIZFR.jpg');

-- Inserindo bebidas no produtos
INSERT INTO produto (id, nome, descricao, valor, tipo, url_imagem) VALUES ('d35b56d9-e3c8-48cc-a9e0-e95159c5d1e2', 'Coca-Cola', 'Refrigerante de cola', 5.00, 'BEBIDA', 'https://assets.vtex.app/unsafe/1020x930/center/middle/https%3A%2F%2Fcarrefourbrfood.vtexassets.com%2Farquivos%2Fids%2F118271106%2Frefrigerante-coca-cola-garrafa-2-l-1.jpg%3Fv%3D638217385053270000');
INSERT INTO produto (id, nome, descricao, valor, tipo, url_imagem) VALUES ('69a1100e-2ee9-4a74-9a77-6be8ac7abbc6', 'Guaraná', 'Refrigerante de guaraná', 5.00, 'BEBIDA', 'https://assets.vtex.app/unsafe/1020x930/center/middle/https%3A%2F%2Fcarrefourbrfood.vtexassets.com%2Farquivos%2Fids%2F106437032%2Frefrigerante-guarana-antarctica-garrafa-2l-1.jpg%3Fv%3D638144885863600000');
INSERT INTO produto (id, nome, descricao, valor, tipo, url_imagem) VALUES ('4508ecec-ec2a-4b6c-a4cb-5403a56b9188', 'Fanta', 'Refrigerante de laranja', 5.00, 'BEBIDA', 'https://assets.vtex.app/unsafe/1020x930/center/middle/https%3A%2F%2Fcarrefourbrfood.vtexassets.com%2Farquivos%2Fids%2F18900713%2Ffanta-laranja-2-litros-1.jpg%3Fv%3D637590176098330000');
INSERT INTO produto (id, nome, descricao, valor, tipo, url_imagem) VALUES ('a501ca46-0101-4c04-b3db-197a95be1542', 'Sprite', 'Refrigerante de limão', 5.00, 'BEBIDA', 'https://assets.vtex.app/unsafe/1020x930/center/middle/https%3A%2F%2Fcarrefourbrfood.vtexassets.com%2Farquivos%2Fids%2F67855482%2F5473969_1.jpg%3Fv%3D637945340966800000');
INSERT INTO produto (id, nome, descricao, valor, tipo, url_imagem) VALUES ('70b6e1bb-e5eb-43ac-b742-295221e758c8', 'Água', 'Água mineral', 5.00, 'BEBIDA', 'https://assets.vtex.app/unsafe/1020x930/center/middle/https%3A%2F%2Fcarrefourbrfood.vtexassets.com%2Farquivos%2Fids%2F189915%2F737127_1.jpg%3Fv%3D637272421049700000');
INSERT INTO produto (id, nome, descricao, valor, tipo, url_imagem) VALUES ('b2b6e1bb-e5eb-43ac-b742-295221e758c8', 'Suco de Laranja', 'Suco de laranja natural', 5.00, 'BEBIDA', 'https://assets.vtex.app/unsafe/1020x930/center/middle/https%3A%2F%2Fcarrefourbrfood.vtexassets.com%2Farquivos%2Fids%2F132095437%2Fsuco-de-laranja-integral-refrigerado-natural-one-100--suco-15-litros-1.jpg%3Fv%3D638322173501630000');

-- Inserindo Clientes
INSERT INTO cliente (id, nome, email, cpf, endereco_entrega, telefone) VALUES ('f4131b6c-94e5-4d7a-9b0e-12c3f43078d0', 'Maria Silva', 'maria@email.com', '123.456.789-01', 'Rua A, 123', '(11) 98765-4321');
INSERT INTO cliente (id, nome, email, cpf, endereco_entrega, telefone) VALUES ('3e2ac798-bcd5-4bf9-bd1d-bf6f04f2f07a', 'João Santos', 'joao@email.com', '987.654.321-09', 'Av. B, 456', '(22) 12345-6789');
INSERT INTO cliente (id, nome, email, cpf, endereco_entrega, telefone) VALUES ('6b0c57c5-cc7b-4727-82a4-fb3738946e14', 'Ana Oliveira', 'ana@email.com', '234.567.890-12', 'Rua C, 789', '(33) 98765-4321');
INSERT INTO cliente (id, nome, email, cpf, endereco_entrega, telefone) VALUES ('ea135b8e-50ca-41d1-87f3-3c86f6c5e315', 'Pedro Pereira', 'pedro@email.com', '543.210.987-09', 'Av. D, 567', '(44) 12345-6789');
INSERT INTO cliente (id, nome, email, cpf, endereco_entrega, telefone) VALUES ('f868ca93-65ed-45cc-91f4-3c8db0346a67', 'Carla Costa', 'carla@email.com', '321.654.987-12', 'Rua E, 123', '(55) 98765-4321');

-- Inserindo Pedido
INSERT INTO pedido (numero, momento, valor, status, pagamento, cliente_id) VALUES ('0d783a3f-57ec-4b35-b173-32d2d7d5f13a', '2023-10-15 14:00:00', 58.00, 'EM_ANDAMENTO', 'CARTAO_CREDITO', 'f4131b6c-94e5-4d7a-9b0e-12c3f43078d0');
INSERT INTO pedido (numero, momento, valor, status, pagamento, cliente_id) VALUES ('1d782a3f-57ec-4b35-b173-32d2d7d5f13a', '2023-10-15 14:15:00', 69.00, 'EM_ANDAMENTO', 'DINHEIRO', '3e2ac798-bcd5-4bf9-bd1d-bf6f04f2f07a');
INSERT INTO pedido (numero, momento, valor, status, pagamento, cliente_id) VALUES ('2c78a3f3-57ec-4b35-b173-32d2d7d5f13a', '2023-10-15 14:30:00', 22.00, 'ENTREGUE', 'CARTAO_CREDITO', '6b0c57c5-cc7b-4727-82a4-fb3738946e14');
INSERT INTO pedido (numero, momento, valor, status, pagamento, cliente_id) VALUES ('3d781a3f-57ec-4b35-b173-32d2d7d5f13a', '2023-10-15 14:45:00', 52.00, 'ENTREGUE', 'PIX', 'ea135b8e-50ca-41d1-87f3-3c86f6c5e315');
INSERT INTO pedido (numero, momento, valor, status, pagamento, cliente_id) VALUES ('4d783a3f-57ec-4b35-b173-32d2d7d5f13a', '2023-10-15 15:00:00', 25.00, 'CANCELADO', 'DINHEIRO', 'f868ca93-65ed-45cc-91f4-3c8db0346a67');

-- Inserindo ItemPedido
INSERT INTO item_pedido (id, quantidade, tamanho, pedido_numero, produto_id) VALUES ('9c1b6c3f-4131-4e94-7a9b-0e12c3f43078', 2, 'MEDIA', '0d783a3f-57ec-4b35-b173-32d2d7d5f13a', 'd35b56d9-e3c8-48cc-a9e0-e95159c5d1e1');
INSERT INTO item_pedido (id, quantidade, tamanho, pedido_numero, produto_id) VALUES ('8e2ac798-bcd5-4bf9-bd1d-bf6f04f2f07a', 3, 'PEQUENA', '1d782a3f-57ec-4b35-b173-32d2d7d5f13a', '69a1100e-2ee9-4a74-9a77-6be8ac7abbc5');
INSERT INTO item_pedido (id, quantidade, tamanho, pedido_numero, produto_id) VALUES ('5c0c57c5-cc7b-4727-82a4-fb3738946e14', 1, 'MEDIA', '2c78a3f3-57ec-4b35-b173-32d2d7d5f13a', '4508ecec-ec2a-4b6c-a4cb-5403a56b9187');
INSERT INTO item_pedido (id, quantidade, tamanho, pedido_numero, produto_id) VALUES ('8a135b8e-50ca-41d1-87f3-3c86f6c5e315', 2, 'GRANDE', '3d781a3f-57ec-4b35-b173-32d2d7d5f13a', 'a501ca46-0101-4c04-b3db-197a95be1541');
INSERT INTO item_pedido (id, quantidade, tamanho, pedido_numero, produto_id) VALUES ('5f868ca9-365e-45cc-91f4-3c8db0346a67', 1, 'PEQUENA', '4d783a3f-57ec-4b35-b173-32d2d7d5f13a', '70b6e1bb-e5eb-43ac-b742-295221e758c9');
